MAE,MSE,RMSE,MAPE,SMAPE
86.16304,14652.008,121.04548,233.36833,60.024647
