MAE,MSE,RMSE,MAPE,SMAPE
31.804667,2199.424,46.898018,79.22863,32.857002
