MAE,MSE,RMSE,MAPE,SMAPE
41.20795,3193.5903,56.51186,92.67837,44.223885
