MAE,MSE,RMSE,MAPE,SMAPE
132.43471,36347.285,190.64964,262.9015,103.892715
