MAE,MSE,RMSE,MAPE,SMAPE
43.349216,3944.3018,62.803677,138.41891,44.285027
