MAE,MSE,RMSE,MAPE,SMAPE
31.430454,2205.4055,46.961746,108.787674,29.564093
