MAE,MSE,RMSE,MAPE,SMAPE
48.371613,5738.813,75.75495,138.13538,45.678806
