MAE,MAPE,MSE,RMSE
122.87496,176.29623,31213.94,176.67467
