MAE,MAPE,MSE,RMSE
42.525402,105.976326,4195.323,64.77132
