MAE,MAPE,MSE,RMSE
75.31555,190.87466,12923.676,113.68234
