MAE,MSE,RMSE,MAPE,SMAPE
26.619106,2026.0878,45.012085,78.86999,24.55235
