MAE,MSE,RMSE,MAPE,SMAPE
25.500631,1987.6895,44.58351,64.06378,23.328606
