MAE,MSE,RMSE,MAPE,SMAPE
30.817286,2458.233,49.58057,112.14476,27.020525
