MAE,MSE,RMSE,MAPE,SMAPE
96.26646,14096.659,118.729355,217.66438,62.99726
