MAE,MSE,RMSE,MAPE,SMAPE
52.785316,6093.0474,78.057976,76.08836,54.98246
