MAE,MSE,RMSE,MAPE,SMAPE
40.397823,3958.4539,62.916245,134.98804,39.58456
