MAE,MSE,RMSE,MAPE,SMAPE
30.048115,2286.4226,47.81655,106.94254,28.893934
