MAE,MAPE,MSE,RMSE
35.801456,109.08633,3203.2695,56.597435
