MAE,MAPE,MSE,RMSE
30.656425,57.051857,2314.963,48.11406
