MAE,MAPE,MSE,RMSE
36.66777,125.73704,3574.5886,59.787865
