MAE,MSE,RMSE,MAPE,SMAPE
54.109776,6014.232,77.551476,129.50308,41.104805
