Metric,Value
MAPE,156.6582224319219
MAE,36.92213705277651
RMSE,47.25877756498511
MSE,2233.3920569367397
SMAPE,34.169717011469636
