Metric,Value
MAPE,51.47000040587467
MAE,17.433150085776077
RMSE,25.297065559445883
MSE,639.941525918903
SMAPE,18.205784191635598
