MSE,MAE,RMSE,MAPE,SMAPE
1450.7226370892504,25.32366091853784,38.088353037237646,80.01294779107278,23.703570743073357
