MSE,MAE,RMSE,MAPE,SMAPE
1445.4528654834376,25.02419966591552,38.01911184501076,80.82343741915214,23.230285035213637
