MSE,MAE,RMSE,MAPE,SMAPE
0.0011617004008345516,0.027579085335836022,0.03408372633434542,0.07542335360303681,0.07745071438105464
