MAE,MAPE,MSE,RMSE
161.65024,242.48999,43819.17,209.33029
