MAE,MAPE,MSE,RMSE,SMAPE
39.74712,114.66786,2815.136,53.057854,38.974712
