MAE,MAPE,MSE,RMSE
61.542736,223.56186,6215.3667,78.8376
