MAE,MAPE,MSE,RMSE
291.78522,651.3666,133776.16,365.75424
