MAE,MAPE,MSE,RMSE,SMAPE
29.527655,103.22023,2193.8706,46.83877,28.08071
