MAE,MSE,RMSE,MAPE,SMAPE
16.08308,1111.6045,33.340733,39.216183,14.398037
