MAE,MAPE,MSE,RMSE
269.79373,560.99475,117417.42,342.66226
