MAE,MAPE,MSE,RMSE
11.925347,31.843168,477.01855,21.840754
