MAE,MAPE,MSE,RMSE,SMAPE
28.843693,109.0252,2411.288,49.10487,24.933212
