MAE,MAPE,MSE,RMSE,SMAPE
30.82694,127.12048,2380.4094,48.78944,27.842262
