MAE,MSE,RMSE,MAPE,SMAPE
32.03849,3245.2053,56.966705,95.27599,26.797312
