MAE,MSE,RMSE,MAPE,SMAPE
40.808296,3645.4045,60.377186,94.34228,43.695194
