MAE,MAPE,MSE,RMSE
27.135376,95.795456,1976.6398,44.459415
