MAE,MSE,RMSE,MAPE,SMAPE
35.21667,3758.844,61.30941,102.79638,29.622787
