Metric,Value
MAPE,0.04023101351063743
MAE,0.017453130003407112
RMSE,0.020075368861989407
MSE,0.0004030204349449338
SMAPE,0.040500357850253535
