Metric,Value
MAPE,195.5707187345183
MAE,47.69009790215269
RMSE,55.439457099168514
MSE,3073.533403450546
SMAPE,42.45246889598804
