{"epoch": 74, "training_loss": 0.07831493020057678, "_timestamp": 1711554467.826546, "_runtime": 37.95688796043396, "_step": 75, "Test RMSE": 37.42044295276647, "_wandb": {"runtime": 37}}