MAE,MSE,RMSE,MAPE,SMAPE
24.23157,1588.7458,39.859074,85.35672,23.54369
