MAE,MSE,RMSE,MAPE,SMAPE
18.726776,1939.6046,44.040943,33.154556,15.676739
