{"epoch": 74, "training_loss": 0.07832463085651398, "_timestamp": 1711554696.304497, "_runtime": 37.677326917648315, "_step": 77, "Test RMSE": 37.202268601020826, "sampled_f": 37.202268601020826, "best_f": 37.202268601020826, "_wandb": {"runtime": 36}}