MAE,MSE,RMSE,MAPE,SMAPE
30.943213,2717.4521,52.12919,72.48163,27.324594
