MAE,MSE,RMSE,MAPE,SMAPE
29.784075,3180.348,56.394573,63.94304,24.019257
