MAE,MSE,RMSE,MAPE,SMAPE
25.450876,2176.9387,46.657677,58.622818,23.440187
