MAE,MAPE,MSE,RMSE
28.567938,75.23526,2570.8616,50.703663
