Metric,Value
RMSE,35.192750782674736
MAE,23.53671858040052
MAPE,85.78142397205195
SMAPE,23.874577865896914
MSE,1238.5297076514532
