Metric,Value
RMSE,34.91134744571078
MAE,23.044318460939323
MAPE,94.85805884335345
SMAPE,23.11130475514797
MSE,1218.8021804751365
