Metric,Value
RMSE,235.97828722810848
MAE,201.20708852505064
MAPE,369.2305548836345
SMAPE,151.2788040481133
MSE,55685.75204311167
