Metric,Value
RMSE,36.305898957887784
MAE,24.147636261089367
MAPE,87.8799583117455
SMAPE,24.092043370284436
MSE,1318.1182991403575
