Metric,Value
RMSE,133.5279116214764
MAE,80.2486158659964
MAPE,123.03116511487305
SMAPE,64.82784685940987
MSE,17829.70318199281
