Metric,Value
RMSE,149.6795245626967
MAE,103.44082302382499
MAPE,107.94550987621544
SMAPE,109.96317117779725
MSE,22403.96007331493
