Metric,Value
RMSE,128.7386109376401
MAE,72.9834456352063
MAPE,144.22905646168263
SMAPE,53.621818106293176
MSE,16573.629946153065
