Metric,Value
RMSE,34.86292762407272
MAE,23.03361909761314
MAPE,95.72884604730052
SMAPE,23.087482238527826
MSE,1215.4237225213326
