Metric,Value
RMSE,131.98887088693957
MAE,76.1404850937915
MAPE,147.3508638334649
SMAPE,57.35118404076325
MSE,17421.062038009204
