MSE,RMSE,R^2,MAE,MAPE,SMAPE
1454.6455974434523,38.13981643169579,0.8925749679182576,25.005150189073134,0.9330694068415903,23.403027587226713
