MSE,RMSE,R^2,MAE,MAPE,SMAPE
1377.1679338371243,37.11021333591501,0.8982966643322543,24.23227973176482,0.9075512012170924,22.781358387522616
