MAE,MSE,RMSE,MAPE,SMAPE
30.765352,2603.6099,51.02558,112.49265,26.876251
