MAE,MSE,RMSE,MAPE,SMAPE
26.613022,2020.6454,44.951588,74.64072,25.017015
