MAE,MSE,RMSE,MAPE,SMAPE
30.194216,2763.9204,52.573,87.611565,25.60927
