MAE,MSE,RMSE,MAPE,SMAPE
35.41291,2968.863,54.487274,52.37331,42.192715
