MAE,MSE,RMSE,MAPE,SMAPE
25.221958,2027.8972,45.03218,54.205887,23.42452
