Metric,Value
MAPE,0.5156387018695268
MAE,17.451372975287505
RMSE,28.84344624273313
MSE,831.9443911574358
SMAPE,17.621902513794954
