Metric,Value
MAE,0.018426175018951406
RMSE,0.021670116792464555
MSE,0.00046959396179905433
MAPE,0.0004115837946576521
SMAPE,0.04141624551137399
