MAE,MSE,RMSE,MAPE,SMAPE
44.60349,4936.134,70.25762,122.604034,34.573452
