MAE,MSE,RMSE,MAPE,SMAPE
255.22018,106951.4,327.03424,522.4228,140.09409
