MAE,MSE,RMSE,MAPE,SMAPE
245.61252,98955.98,314.5727,538.2307,133.87714
