MAE,MSE,RMSE,MAPE,SMAPE
90.64075,14961.835,122.31858,304.9018,63.8922
