MAE,MSE,RMSE,MAPE,SMAPE
31.065155,3477.1707,58.96754,70.93912,25.84331
