MAE,MSE,RMSE,MAPE,SMAPE
25.59128,1489.2006,38.59016,91.71469,25.419996
