Metric,Value
RMSE,41.18796829318756
MAE,26.966135044329764
MAPE,96.26199778702174
SMAPE,26.180438860026623
MSE,1696.4487321206236
