Metric,Value
RMSE,40.26606733093028
MAE,26.299994982248393
MAPE,97.36236627223057
SMAPE,25.460356287395342
MSE,1621.3561782990105
